,Name,Link,size
0,Alati Divine Greek Cuisine,https://www.google.com/maps/place/Alati+Divine+Greek+Cuisine/data=!4m7!3m6!1s0x31da190d6598499f:0x32e35aeca0406ca2!8m2!3d1.2803412!4d103.8467476!16s%2Fg%2F11c89kdzb8!19sChIJn0mYZQ0Z2jERomxAoOxa4zI?authuser=0&hl=en&rclk=1,16
1,Alma by Juan Amador,https://www.google.com/maps/place/Alma+by+Juan+Amador/data=!4m7!3m6!1s0x31da19ed46ce27b5:0x6356a1b47dff3b69!8m2!3d1.308128!4d103.8341296!16s%2Fg%2F11bxbbyg_2!19sChIJtSfORu0Z2jERaTv_fbShVmM?authuser=0&hl=en&rclk=1,8
2,Altro Zafferano,https://www.google.com/maps/place/Altro+Zafferano/data=!4m7!3m6!1s0x31da190eef383bf1:0x1ce282e9610708df!8m2!3d1.2832397!4d103.8520217!16s%2Fg%2F11r8xh5dr!19sChIJ8Ts47w4Z2jER3wgHYemC4hw?authuser=0&hl=en&rclk=1,24
3,Art di Daniele Sperindio,https://www.google.com/maps/place/Art+di+Daniele+Sperindio/data=!4m7!3m6!1s0x31da1909557f349b:0x4c9b3a50ce12bf61!8m2!3d1.2907066!4d103.8519791!16s%2Fg%2F11b80bl7jj!19sChIJmzR_VQkZ2jERYb8SzlA6m0w?authuser=0&hl=en&rclk=1,13
4,Artemis Grill & Sky Bar,https://www.google.com/maps/place/Artemis+Grill+%26+Sky+Bar/data=!4m7!3m6!1s0x31da190dd367faab:0xa02fd48acee1d427!8m2!3d1.2818026!4d103.8501248!16s%2Fg%2F11bwl3rp1_!19sChIJq_pn0w0Z2jERJ9ThzorUL6A?authuser=0&hl=en&rclk=1,24
5,Ayasofya Turkish Restaurant,https://www.google.com/maps/place/Ayasofya+Turkish+Restaurant/data=!4m7!3m6!1s0x31da192f73b5b92f:0xe4ce11d6aca8d61e!8m2!3d1.3018398!4d103.8593332!16s%2Fg%2F11qqyh5xjs!19sChIJL7m1cy8Z2jERHtaorNYRzuQ?authuser=0&hl=en&rclk=1,4
6,BAKALAKI Greek Taverna,https://www.google.com/maps/place/BAKALAKI+Greek+Taverna/data=!4m7!3m6!1s0x31da197742ba1a45:0x63cef72f7f19cb61!8m2!3d1.2921214!4d103.8380038!16s%2Fg%2F11df6vtnfs!19sChIJRRq6QncZ2jERYcsZfy_3zmM?authuser=0&hl=en&rclk=1,17
7,Bar-A-Thym Restaurant by Francois Mermilliod,https://www.google.com/maps/place/Bar-A-Thym+Restaurant+by+Francois+Mermilliod/data=!4m7!3m6!1s0x31da190cfc6df2a5:0xe5e30b535874ebee!8m2!3d1.2822684!4d103.8471694!16s%2Fg%2F11cm0pcx8p!19sChIJpfJt_AwZ2jER7ut0WFML4-U?authuser=0&hl=en&rclk=1,18
8,Bar-Roque Grill,https://www.google.com/maps/place/Bar-Roque+Grill/data=!4m7!3m6!1s0x31da196b5f0e9a29:0xca0b5215c859a84!8m2!3d1.275521!4d103.8436042!16s%2Fg%2F11bbwqg2rn!19sChIJKZoOX2sZ2jERhJqFXCG1oAw?authuser=0&hl=en&rclk=1,7
9,Baristart Coffee Singapore (Wisma Atria),https://www.google.com/maps/place/Baristart+Coffee+Singapore+%28Wisma+Atria%29/data=!4m7!3m6!1s0x31da3d4f34737799:0xd9a25ce9fa28f64d!8m2!3d1.303704!4d103.8333035!16s%2Fg%2F11j6t90243!19sChIJmXdzNE892jERTfYo-ulcotk?authuser=0&hl=en&rclk=1,20
10,Beng Thin Hoon Kee Restaurant,https://www.google.com/maps/place/Beng+Thin+Hoon+Kee+Restaurant/data=!4m7!3m6!1s0x31da190b932377ab:0x61d6be3892879f69!8m2!3d1.285069!4d103.8491749!16s%2Fg%2F1tf265cg!19sChIJq3cjkwsZ2jERaZ-Hkji-1mE?authuser=0&hl=en&rclk=1,10
11,Birds of a Feather,https://www.google.com/maps/place/Birds+of+a+Feather/data=!4m7!3m6!1s0x31da190c54bb3971:0x9eefa2ec6018112a!8m2!3d1.282205!4d103.8475758!16s%2Fg%2F11g65fqbkt!19sChIJcTm7VAwZ2jERKhEYYOyi754?authuser=0&hl=en&rclk=1,19
12,Blossom Restaurant,https://www.google.com/maps/place/Blossom+Restaurant/data=!4m7!3m6!1s0x31da195e17b0939b:0x86c1b9b4dff308d5!8m2!3d1.2840953!4d103.8607704!16s%2Fg%2F11gnpqz530!19sChIJm5OwF14Z2jER1Qjz37S5wYY?authuser=0&hl=en&rclk=1,16
13,Braci,https://www.google.com/maps/place/Braci/data=!4m7!3m6!1s0x31da190a368ab6d7:0xc30f5e9daeb9355d!8m2!3d1.287083!4d103.849347!16s%2Fg%2F11c1ntc2ft!19sChIJ17aKNgoZ2jERXTW5rp1eD8M?authuser=0&hl=en&rclk=1,22
14,Bread Street Kitchen by Gordon Ramsay,https://www.google.com/maps/place/Bread+Street+Kitchen+by+Gordon+Ramsay/data=!4m7!3m6!1s0x31da1905975f700b:0xca023eb829c8c080!8m2!3d1.2825579!4d103.8575503!16s%2Fg%2F11bw4yhg1j!19sChIJC3BflwUZ2jERgMDIKbg-Aso?authuser=0&hl=en&rclk=1,21
15,Buona Terra,https://www.google.com/maps/place/Buona+Terra/data=!4m7!3m6!1s0x31da19ed9ecdf425:0xe97a333ec302706e!8m2!3d1.310717!4d103.834701!16s%2Fg%2F12xqc5ncv!19sChIJJfTNnu0Z2jERbnACwz4zeuk?authuser=0&hl=en&rclk=1,6
16,CENZO,https://www.google.com/maps/place/CENZO/data=!4m7!3m6!1s0x31da19f229bec925:0x250e8ee1326e5077!8m2!3d1.2818634!4d103.8458084!16s%2Fg%2F11jt5pm9n5!19sChIJJcm-KfIZ2jERd1BuMuGODiU?authuser=0&hl=en&rclk=1,14
17,Candlenut,https://www.google.com/maps/place/Candlenut/data=!4m7!3m6!1s0x31da19720b8724e7:0x5101e3c43062ecbb!8m2!3d1.3058022!4d103.810095!16s%2Fg%2F1pp2txrmr!19sChIJ5ySHC3IZ2jERu-xiMMTjAVE?authuser=0&hl=en&rclk=1,3
18,Charlie's Restaurant & Bar (Boat Quay),https://www.google.com/maps/place/Charlie%27s+Restaurant+%26+Bar+%28Boat+Quay%29/data=!4m7!3m6!1s0x31da190bcfef1d0f:0x6d2e614b2f5327eb!8m2!3d1.2862228!4d103.8498206!16s%2Fg%2F1twyx11d!19sChIJDx3vzwsZ2jER6ydTL0thLm0?authuser=0&hl=en&rclk=1,5
19,Chef Kang's Private Kitchen,https://www.google.com/maps/place/Chef+Kang%27s+Private+Kitchen/data=!4m7!3m6!1s0x31da180d510eebad:0x4dd4eb5be4a45b6a!8m2!3d1.3046412!4d103.8495641!16s%2Fg%2F1tk6mvk_!19sChIJresOUQ0Y2jERaluk5Fvr1E0?authuser=0&hl=en&rclk=1,1
20,Coucou Authentic Swiss Restaurant and Bar,https://www.google.com/maps/place/Coucou+Authentic+Swiss+Restaurant+and+Bar/data=!4m7!3m6!1s0x31da19e8a4292d4f:0x56bd428111c1a77b!8m2!3d1.2776438!4d103.842759!16s%2Fg%2F11j0w7rllk!19sChIJTy0ppOgZ2jERe6fBEYFCvVY?authuser=0&hl=en&rclk=1,2
21,Crystal Jade Golden Palace,https://www.google.com/maps/place/Crystal+Jade+Golden+Palace/data=!4m7!3m6!1s0x31da1992320efb97:0x6b11e9fd941f7514!8m2!3d1.3042445!4d103.8359067!16s%2Fg%2F1v0lh8r1!19sChIJl_sOMpIZ2jERFHUflP3pEWs?authuser=0&hl=en&rclk=1,6
22,Dark Horse Japanese Restaurant & Bar,https://www.google.com/maps/place/Dark+Horse+Japanese+Restaurant+%26+Bar/data=!4m7!3m6!1s0x31da19388f62ff05:0xfc19fd72f3e5e754!8m2!3d1.2860955!4d103.8499191!16s%2Fg%2F11hy_qfysb!19sChIJBf9ijzgZ2jERVOfl83L9Gfw?authuser=0&hl=en&rclk=1,9
23,Empress,https://www.google.com/maps/place/Empress/data=!4m7!3m6!1s0x31da1909972e7bd5:0x93fdc02ec4086fbc!8m2!3d1.2873802!4d103.8512492!16s%2Fg%2F11c5bll9rz!19sChIJ1XsulwkZ2jERvG8IxC7A_ZM?authuser=0&hl=en&rclk=1,22
24,Esquina,https://www.google.com/maps/place/Esquina/data=!4m7!3m6!1s0x31da197280f0cf7b:0x927ef8d48e2676cc!8m2!3d1.2798595!4d103.8420714!16s%2Fg%2F11b7cg7xfb!19sChIJe8_wgHIZ2jERzHYmjtT4fpI?authuser=0&hl=en&rclk=1,15
25,FOC Restaurant,https://www.google.com/maps/place/FOC+Restaurant/data=!4m7!3m6!1s0x31da196d66892a49:0x716ef7911d8976b8!8m2!3d1.2873167!4d103.847462!16s%2Fg%2F11btmqjlbr!19sChIJSSqJZm0Z2jERuHaJHZH3bnE?authuser=0&hl=en&rclk=1,20
26,Famous Treasure Chinese Restaurant,https://www.google.com/maps/place/Famous+Treasure+Chinese+Restaurant/data=!4m7!3m6!1s0x31da190d42e97921:0x7b03e6cf73047d5!8m2!3d1.2930416!4d103.8511378!16s%2Fg%2F11gj650j7c!19sChIJIXnpQg0Z2jER1Ucw92w-sAc?authuser=0&hl=en&rclk=1,1
27,Firangi Superstar,https://www.google.com/maps/place/Firangi+Superstar/data=!4m7!3m6!1s0x31da19b056ab6d9b:0xe456fe4872986c1e!8m2!3d1.2777534!4d103.8425009!16s%2Fg%2F11r4kp4cvn!19sChIJm22rVrAZ2jERHmyYckj-VuQ?authuser=0&hl=en&rclk=1,7
28,Fleur De Sel Le Restaurant,https://www.google.com/maps/place/Fleur+De+Sel+Le+Restaurant/data=!4m7!3m6!1s0x31da196d2f0565a7:0x48d60e27daf22f24!8m2!3d1.2777778!4d103.8441667!16s%2Fg%2F1pp2wx_4s!19sChIJp2UFL20Z2jERJC_y2icO1kg?authuser=0&hl=en&rclk=1,11
29,Forbidden Duck,https://www.google.com/maps/place/Forbidden+Duck/data=!4m7!3m6!1s0x31da19f11744e4cb:0x4a4a8413af033a35!8m2!3d1.2793974!4d103.8546647!16s%2Fg%2F11g07_ck0q!19sChIJy-REF_EZ2jERNToDrxOESko?authuser=0&hl=en&rclk=1,18
30,Forum Seafood Village Restaurant,https://www.google.com/maps/place/Forum+Seafood+Village+Restaurant/data=!4m7!3m6!1s0x31da190bcb5f9313:0x24d14a1258e0587b!8m2!3d1.2866992!4d103.8495874!16s%2Fg%2F1td10sm2!19sChIJE5NfywsZ2jERe1jgWBJK0SQ?authuser=0&hl=en&rclk=1,10
31,GEMMA Restaurant,https://www.google.com/maps/place/GEMMA+Restaurant/data=!4m7!3m6!1s0x31da1991febe31fd:0x95af9da06edeb1fd!8m2!3d1.2908546!4d103.8519592!16s%2Fg%2F11hsw9_w4z!19sChIJ_TG-_pEZ2jER_bHebqCdr5U?authuser=0&hl=en&rclk=1,15
32,Gaig Singapore,https://www.google.com/maps/place/Gaig+Singapore/data=!4m7!3m6!1s0x31da190d9c77f433:0x6387fcf3dbbebfbe!8m2!3d1.280476!4d103.84807!16s%2Fg%2F11dff6t58w!19sChIJM_R3nA0Z2jERvr--2_P8h2M?authuser=0&hl=en&rclk=1,19
33,Godmama - Peranakan Restaurant Singapore,https://www.google.com/maps/place/Godmama+-+Peranakan+Restaurant+Singapore/data=!4m7!3m6!1s0x31da195fb4fd0ce9:0x4e83265f3e314649!8m2!3d1.2914102!4d103.849955!16s%2Fg%2F11fm4b2xky!19sChIJ6Qz9tF8Z2jERSUYxPl8mg04?authuser=0&hl=en&rclk=1,6
34,Grand Shanghai Restaurant,https://www.google.com/maps/place/Grand+Shanghai+Restaurant/data=!4m7!3m6!1s0x31da199d135ed917:0xc3b6b1e4b91de1e2!8m2!3d1.2896087!4d103.8358913!16s%2Fg%2F1tfd9zy1!19sChIJF9leE50Z2jER4uEdueSxtsM?authuser=0&hl=en&rclk=1,3
35,Gunther's,https://www.google.com/maps/place/Gunther%27s/data=!4m7!3m6!1s0x31da19a5732a69d1:0xf89d62359bbaa999!8m2!3d1.2966208!4d103.8549145!16s%2Fg%2F1thx63h2!19sChIJ0Wkqc6UZ2jERmam6mzVinfg?authuser=0&hl=en&rclk=1,12
36,Hai Tien Lo,https://www.google.com/maps/place/Hai+Tien+Lo/data=!4m7!3m6!1s0x31da19a89241d8d7:0xecd3fdc351d4b08b!8m2!3d1.2920683!4d103.8587008!16s%2Fg%2F1tctp5j7!19sChIJ19hBkqgZ2jERi7DUUcP90-w?authuser=0&hl=en&rclk=1,3
37,Harry's Marina Bay Link Mall,https://www.google.com/maps/place/Harry%27s+Marina+Bay+Link+Mall/data=!4m7!3m6!1s0x31da190fccc86f5d:0x7301dfbc9ffbdc7a!8m2!3d1.2799447!4d103.8547618!16s%2Fg%2F1tsjb5gf!19sChIJXW_IzA8Z2jERetz7n7zfAXM?authuser=0&hl=en&rclk=1,2
38,Hashida Singapore,https://www.google.com/maps/place/Hashida+Singapore/data=!4m7!3m6!1s0x31da19b487a8b909:0xab631adc6df4260a!8m2!3d1.2805457!4d103.8466433!16s%2Fg%2F11qpscb6qr!19sChIJCbmoh7QZ2jERCib0bdwaY6s?authuser=0&hl=en&rclk=1,10
39,Iggy's,https://www.google.com/maps/place/Iggy%27s/data=!4m7!3m6!1s0x31da198cf1020615:0xa302b5d917cc6269!8m2!3d1.3060925!4d103.8292236!16s%2Fm%2F05zhkyx!19sChIJFQYC8YwZ2jERaWLMF9m1AqM?authuser=0&hl=en&rclk=1,2
40,JAAN By Kirk Westaway,https://www.google.com/maps/place/JAAN+By+Kirk+Westaway/data=!4m7!3m6!1s0x31da19a67e1cda67:0xbcb02ae2c4565ec0!8m2!3d1.2933448!4d103.85309!16s%2Fg%2F1tcvwyr9!19sChIJZ9ocfqYZ2jERwF5WxOIqsLw?authuser=0&hl=en&rclk=1,18
41,JUMBO Signatures,https://www.google.com/maps/place/JUMBO+Signatures/data=!4m7!3m6!1s0x31da19605cf03edf:0x399aa017212b41bc!8m2!3d1.2820379!4d103.8575819!16s%2Fg%2F11ptzn3cg3!19sChIJ3z7wXGAZ2jERvEErIRegmjk?authuser=0&hl=en&rclk=1,12
42,Jiang-Nan Chun,https://www.google.com/maps/place/Jiang-Nan+Chun/data=!4m7!3m6!1s0x31da198c60f1baa9:0xf27b51293cfa7bd2!8m2!3d1.3051922!4d103.8284188!16s%2Fg%2F1v8y1kk7!19sChIJqbrxYIwZ2jER0nv6PClRe_I?authuser=0&hl=en&rclk=1,4
43,KOMA Singapore,https://www.google.com/maps/place/KOMA+Singapore/data=!4m7!3m6!1s0x31da196f62183517:0x201cdcc7ab2388b3!8m2!3d1.2856843!4d103.8597076!16s%2Fg%2F11h196rl5p!19sChIJFzUYYm8Z2jERs4gjq8fcHCA?authuser=0&hl=en&rclk=1,18
44,Kinki Restaurant + Bar,https://www.google.com/maps/place/Kinki+Restaurant+%2B+Bar/data=!4m7!3m6!1s0x31da190efd61c3a3:0xd0e6c9ca38b6d438!8m2!3d1.2824913!4d103.8534753!16s%2Fg%2F1tmqcr1m!19sChIJo8Nh_Q4Z2jERONS2OMrJ5tA?authuser=0&hl=en&rclk=1,23
45,Kok Sen Restaurant,https://www.google.com/maps/place/Kok+Sen+Restaurant/data=!4m7!3m6!1s0x31da19727cde43d5:0x83d2647b26f90e37!8m2!3d1.2794333!4d103.8416097!16s%2Fg%2F1tp24swp!19sChIJ1UPefHIZ2jERNw75Jntk0oM?authuser=0&hl=en&rclk=1,11
46,"Komala Vilas Restaurant, Singapore","https://www.google.com/maps/place/Komala+Vilas+Restaurant,+Singapore/data=!4m7!3m6!1s0x31da19b8c1b5ecb9:0x4905ed18747f7cb9!8m2!3d1.3064867!4d103.8519244!16s%2Fg%2F1tfpgb39!19sChIJuey1wbgZ2jERuXx_dBjtBUk?authuser=0&hl=en&rclk=1",2
47,LAVO Italian Restaurant And Rooftop Bar,https://www.google.com/maps/place/LAVO+Italian+Restaurant+And+Rooftop+Bar/data=!4m7!3m6!1s0x31da19043fe71ab1:0x3bc18b8c49bf4299!8m2!3d1.2826231!4d103.8600999!16s%2Fg%2F11f3zms39x!19sChIJsRrnPwQZ2jERmUK_SYyLwTs?authuser=0&hl=en&rclk=1,12
48,Lawry's The Prime Rib Singapore,https://www.google.com/maps/place/Lawry%27s+The+Prime+Rib+Singapore/data=!4m7!3m6!1s0x31da199220d20b9f:0xf9880657f2be22a5!8m2!3d1.3018632!4d103.8369979!16s%2Fg%2F1tl_j6w1!19sChIJnwvSIJIZ2jERpSK-8lcGiPk?authuser=0&hl=en&rclk=1,12
49,Le Jardin Restaurant,https://www.google.com/maps/place/Le+Jardin+Restaurant/data=!4m7!3m6!1s0x31da1966cab5f257:0xadbf422f192dd6df!8m2!3d1.2947615!4d103.8469286!16s%2Fg%2F11p14cgl85!19sChIJV_K1ymYZ2jER39YtGS9Cv60?authuser=0&hl=en&rclk=1,16
50,Les Amis,https://www.google.com/maps/place/Les+Amis/data=!4m7!3m6!1s0x31da198d6d839c47:0xb9387abec42c67e8!8m2!3d1.3066019!4d103.8314361!16s%2Fg%2F11g7z094p7!19sChIJR5yDbY0Z2jER6GcsxL56OLk?authuser=0&hl=en&rclk=1,7
51,Liberty Singapore,https://www.google.com/maps/place/Liberty+Singapore/data=!4m7!3m6!1s0x31da19533c0f4077:0xfa3f72a40aff55fd!8m2!3d1.2792567!4d103.8536682!16s%2Fg%2F11t_wkwpsn!19sChIJd0APPFMZ2jER_VX_CqRyP_o?authuser=0&hl=en&rclk=1,3
52,Little Bowl Singapore,https://www.google.com/maps/place/Little+Bowl+Singapore/data=!4m7!3m6!1s0x31da190eb63dc4e1:0x95207bf4baceb81!8m2!3d1.2776381!4d103.852424!16s%2Fg%2F11d_dyj6mk!19sChIJ4cQ9tg4Z2jERgeusS78HUgk?authuser=0&hl=en&rclk=1,4
53,Lolla,https://www.google.com/maps/place/Lolla/data=!4m7!3m6!1s0x31da190d4463a643:0xbce484e8fd0c8ee9!8m2!3d1.2809785!4d103.845602!16s%2Fg%2F1hhm3mwrx!19sChIJQ6ZjRA0Z2jER6Y4M_eiE5Lw?authuser=0&hl=en&rclk=1,22
54,Luke's Oyster Bar & Chop House,https://www.google.com/maps/place/Luke%27s+Oyster+Bar+%26+Chop+House/data=!4m7!3m6!1s0x31da190cfc46baf9:0xbfc2c58f932049b2!8m2!3d1.282187!4d103.847226!16s%2Fg%2F1td5tn__!19sChIJ-bpG_AwZ2jERskkgk4_Fwr8?authuser=0&hl=en&rclk=1,19
55,MERCI MARCEL,https://www.google.com/maps/place/MERCI+MARCEL/data=!4m7!3m6!1s0x31da19a9b6cb0ba1:0xf48a1a8f9f59e528!8m2!3d1.2826433!4d103.8471483!16s%2Fg%2F11f655ql_v!19sChIJoQvLtqkZ2jERKOVZn48aivQ?authuser=0&hl=en&rclk=1,16
56,Majestic Restaurant,https://www.google.com/maps/place/Majestic+Restaurant/data=!4m7!3m6!1s0x31da1912308ffff3:0x79acd6b99b2f3477!8m2!3d1.2779663!4d103.8528486!16s%2Fg%2F11gf8fm8m_!19sChIJ8_-PMBIZ2jERdzQvm7nWrHk?authuser=0&hl=en&rclk=1,19
57,Man Fu Yuan Restaurant,https://www.google.com/maps/place/Man+Fu+Yuan+Restaurant/data=!4m7!3m6!1s0x31da19a535919dc5:0x3590a305c81f246e!8m2!3d1.298505!4d103.855053!16s%2Fg%2F1tgcjtlj!19sChIJxZ2RNaUZ2jERbiQfyAWjkDU?authuser=0&hl=en&rclk=1,13
58,Meadesmoore,https://www.google.com/maps/place/Meadesmoore/data=!4m7!3m6!1s0x31da19862e0dc7ef:0x626433b5301f728a!8m2!3d1.281248!4d103.8485347!16s%2Fg%2F11q_6wx_y0!19sChIJ78cNLoYZ2jERinIfMLUzZGI?authuser=0&hl=en&rclk=1,10
59,Mimi Restaurant,https://www.google.com/maps/place/Mimi+Restaurant/data=!4m7!3m6!1s0x31da19a9934ecaa1:0xaacea06d39d3e102!8m2!3d1.2900386!4d103.845212!16s%2Fg%2F11h4lcc42v!19sChIJocpOk6kZ2jERAuHTOW2gzqo?authuser=0&hl=en&rclk=1,11
60,Miss Fitz,https://www.google.com/maps/place/Miss+Fitz/data=!4m7!3m6!1s0x31da19a1e4488f33:0xa80230a278987757!8m2!3d1.280649!4d103.8529032!16s%2Fg%2F11hz6t3j0m!19sChIJM49I5KEZ2jERV3eYeKIwAqg?authuser=0&hl=en&rclk=1,15
61,Miyu,https://www.google.com/maps/place/Miyu/data=!4m7!3m6!1s0x31da19672bd47b59:0xc6602d89ebcca962!8m2!3d1.2782491!4d103.84312!16s%2Fg%2F11h8q0fsdw!19sChIJWXvUK2cZ2jERYqnM64ktYMY?authuser=0&hl=en&rclk=1,20
62,Miznon Singapore,https://www.google.com/maps/place/Miznon+Singapore/data=!4m7!3m6!1s0x31da19512ce68379:0xb8ddcc732e60952d!8m2!3d1.279986!4d103.847797!16s%2Fg%2F11m2702n1y!19sChIJeYPmLFEZ2jERLZVgLnPM3bg?authuser=0&hl=en&rclk=1,20
63,Monti At 1-Pavilion Italian Restaurant,https://www.google.com/maps/place/Monti+At+1-Pavilion+Italian+Restaurant/data=!4m7!3m6!1s0x31da1908d14ca5b5:0xa0c3cda1d1733f90!8m2!3d1.2846419!4d103.8540406!16s%2Fg%2F11cspkzyzh!19sChIJtaVM0QgZ2jERkD9z0aHNw6A?authuser=0&hl=en&rclk=1,23
64,Mott 32 Singapore,https://www.google.com/maps/place/Mott+32+Singapore/data=!4m7!3m6!1s0x31da19db995822eb:0xd47a2b1bbbd4ff2d!8m2!3d1.2855676!4d103.8592978!16s%2Fg%2F11h9pky_k9!19sChIJ6yJYmdsZ2jERLf_UuxsretQ?authuser=0&hl=en&rclk=1,17
65,Mouth Restaurant - 地茂馆,https://www.google.com/maps/place/Mouth+Restaurant+-+%E5%9C%B0%E8%8C%82%E9%A6%86/data=!4m7!3m6!1s0x31da197dce38b4a9:0xa0f173db844b24f4!8m2!3d1.2790836!4d103.8451038!16s%2Fg%2F1tdlrswr!19sChIJqbQ4zn0Z2jER9CRLhNtz8aA?authuser=0&hl=en&rclk=1,11
66,New Ubin Seafood CHIJMES,https://www.google.com/maps/place/New+Ubin+Seafood+CHIJMES/data=!4m7!3m6!1s0x31da19a4436c43e1:0x3201eeae445aba02!8m2!3d1.2949022!4d103.8527083!16s%2Fg%2F11f4x83cnm!19sChIJ4UNsQ6QZ2jERArpaRK7uATI?authuser=0&hl=en&rclk=1,6
67,North Singapore (By Miznon),https://www.google.com/maps/place/North+Singapore+%28By+Miznon%29/data=!4m7!3m6!1s0x31da19f17629d643:0x3f60944ed3636f04!8m2!3d1.2819533!4d103.8476235!16s%2Fg%2F11q25ms5xg!19sChIJQ9YpdvEZ2jERBG9j006UYD8?authuser=0&hl=en&rclk=1,19
68,Nouri,https://www.google.com/maps/place/Nouri/data=!4m7!3m6!1s0x31da190d6f4fdaab:0x3602121344bc79aa!8m2!3d1.2802746!4d103.8466022!16s%2Fg%2F11df0mkzzh!19sChIJq9pPbw0Z2jERqnm8RBMSAjY?authuser=0&hl=en&rclk=1,24
69,OUE Tower,https://www.google.com/maps/place/OUE+Tower/data=!4m7!3m6!1s0x31da190edbfe82c3:0xed21aef3e4fde2e2!8m2!3d1.2835014!4d103.8531358!16s%2Fg%2F11c5zck62k!19sChIJw4L-2w4Z2jER4uL95POuIe0?authuser=0&hl=en&rclk=1,14
70,OUMI Modern Japanese Kappo Restaurant,https://www.google.com/maps/place/OUMI+Modern+Japanese+Kappo+Restaurant/data=!4m7!3m6!1s0x31da113daa6e9b23:0xaec605ae0fd8dd67!8m2!3d1.2837048!4d103.8501235!16s%2Fg%2F11txpx5b3l!19sChIJI5tuqj0R2jERZ93YD64Fxq4?authuser=0&hl=en&rclk=1,22
71,Odette,https://www.google.com/maps/place/Odette/data=!4m7!3m6!1s0x31da19a74fed486d:0x32964a71907ce024!8m2!3d1.2897067!4d103.8514433!16s%2Fg%2F11bwn8t504!19sChIJbUjtT6cZ2jERJOB8kHFKljI?authuser=0&hl=en&rclk=1,22
72,Olivia Restaurant & Lounge,https://www.google.com/maps/place/Olivia+Restaurant+%26+Lounge/data=!4m7!3m6!1s0x31da199d6b0ff51d:0xcfefdfe5e4e69b18!8m2!3d1.2806358!4d103.8415896!16s%2Fg%2F11fk13x233!19sChIJHfUPa50Z2jERGJvm5OXf788?authuser=0&hl=en&rclk=1,16
73,Osteria Mozza,https://www.google.com/maps/place/Osteria+Mozza/data=!4m7!3m6!1s0x31da19a58350782d:0x36052098d7a901fd!8m2!3d1.302036!4d103.8358858!16s%2Fg%2F11sx6ym8jg!19sChIJLXhQg6UZ2jER_QGp15ggBTY?authuser=0&hl=en&rclk=1,6
74,PUTIEN Kitchener Road,https://www.google.com/maps/place/PUTIEN+Kitchener+Road/data=!4m7!3m6!1s0x31da19c865bc3cdf:0xb2f5c1e0491a006a!8m2!3d1.309551!4d103.8573328!16s%2Fg%2F1tn039wr!19sChIJ3zy8ZcgZ2jERagAaSeDB9bI?authuser=0&hl=en&rclk=1,8
75,Pasta Fresca Da Salvatore (Boat Quay),https://www.google.com/maps/place/Pasta+Fresca+Da+Salvatore+%28Boat+Quay%29/data=!4m7!3m6!1s0x31da190bdb65f181:0x43262cb029e40ea4!8m2!3d1.2860763!4d103.849884!16s%2Fg%2F1tz6zxvn!19sChIJgfFl2wsZ2jERpA7kKbAsJkM?authuser=0&hl=en&rclk=1,15
76,Path Restaurant,https://www.google.com/maps/place/Path+Restaurant/data=!4m7!3m6!1s0x31da198079f473a5:0x7e0c311de225cd78!8m2!3d1.2794242!4d103.85443!16s%2Fg%2F11rkg5y3n2!19sChIJpXP0eYAZ2jEReM0l4h0xDH4?authuser=0&hl=en&rclk=1,20
77,Paulaner Bräuhaus Singapore,https://www.google.com/maps/place/Paulaner+Br%C3%A4uhaus+Singapore/data=!4m7!3m6!1s0x31da19a8c6034109:0xfa10b27ef90852e!8m2!3d1.2930767!4d103.8582873!16s%2Fg%2F1v0lh8rt!19sChIJCUEDxqgZ2jERLoWQ7ycLoQ8?authuser=0&hl=en&rclk=1,6
78,Publico Ristorante,https://www.google.com/maps/place/Publico+Ristorante/data=!4m7!3m6!1s0x31da199ddfe3ce95:0x170bc97656485d79!8m2!3d1.2898174!4d103.8385654!16s%2Fg%2F11fzf7d85b!19sChIJlc7j350Z2jEReV1IVnbJCxc?authuser=0&hl=en&rclk=1,15
79,Pura Brasa Singapore,https://www.google.com/maps/place/Pura+Brasa+Singapore/data=!4m7!3m6!1s0x31da19131823ca01:0xac793dffcd0ff380!8m2!3d1.2766695!4d103.8462753!16s%2Fg%2F11g8lqplxb!19sChIJAcojGBMZ2jERgPMPzf89eaw?authuser=0&hl=en&rclk=1,8
80,Rendezvous Restaurant Hock Lock Kee,https://www.google.com/maps/place/Rendezvous+Restaurant+Hock+Lock+Kee/data=!4m7!3m6!1s0x31da190a9bbec0d7:0x35b0563210393588!8m2!3d1.289174!4d103.846216!16s%2Fg%2F11r97xg_w!19sChIJ18C-mwoZ2jERiDU5EDJWsDU?authuser=0&hl=en&rclk=1,2
81,Restaurant Euphoria,https://www.google.com/maps/place/Restaurant+Euphoria/data=!4m7!3m6!1s0x31da1927e09ed6f7:0xc8722006f054d784!8m2!3d1.2774708!4d103.8441306!16s%2Fg%2F11lgrqsz_0!19sChIJ99ae4CcZ2jERhNdU8AYgcsg?authuser=0&hl=en&rclk=1,17
82,Restaurant Fiz,https://www.google.com/maps/place/Restaurant+Fiz/data=!4m7!3m6!1s0x31da195fe236cb27:0x5b6b71d5b37f7798!8m2!3d1.2796868!4d103.8440099!16s%2Fg%2F11twq106xc!19sChIJJ8s24l8Z2jERmHd_s9Vxa1s?authuser=0&hl=en&rclk=1,14
83,Restaurant Ibid,https://www.google.com/maps/place/Restaurant+Ibid/data=!4m7!3m6!1s0x31da190bae4d46cd:0x281bbaa16152ead9!8m2!3d1.2864337!4d103.8483365!16s%2Fg%2F11f3x582jr!19sChIJzUZNrgsZ2jER2epSYaG6Gyg?authuser=0&hl=en&rclk=1,2
84,Restaurant Matera,https://www.google.com/maps/place/Restaurant+Matera/data=!4m7!3m6!1s0x31da190b7bbe393b:0x7ad637312a20bac3!8m2!3d1.2870904!4d103.8534667!16s%2Fg%2F11svfbh0vh!19sChIJOzm-ewsZ2jERw7ogKjE31no?authuser=0&hl=en&rclk=1,7
85,Restaurant Reve - Singapore,https://www.google.com/maps/place/Restaurant+Reve+-+Singapore/data=!4m7!3m6!1s0x31da19077973f861:0x2404be1c4a383288!8m2!3d1.2808874!4d103.8421136!16s%2Fg%2F11p6f2x52b!19sChIJYfhzeQcZ2jERiDI4Shy-BCQ?authuser=0&hl=en&rclk=1,11
86,Revolver,https://www.google.com/maps/place/Revolver/data=!4m7!3m6!1s0x31da19165cf8190f:0x6628d2a0edc4b1ad!8m2!3d1.2779485!4d103.8442501!16s%2Fg%2F11q8tyfybk!19sChIJDxn4XBYZ2jERrbHE7aDSKGY?authuser=0&hl=en&rclk=1,7
87,Ristorante Luka - Tanjong Pagar,https://www.google.com/maps/place/Ristorante+Luka+-+Tanjong+Pagar/data=!4m7!3m6!1s0x31da1972a6611247:0x38e6691b73e7238c!8m2!3d1.2799892!4d103.8438547!16s%2Fg%2F11g72n5y63!19sChIJRxJhpnIZ2jERjCPncxtp5jg?authuser=0&hl=en&rclk=1,12
88,Rosemead Singapore,https://www.google.com/maps/place/Rosemead+Singapore/data=!4m7!3m6!1s0x31da1994726346e3:0xfeb3d84c4837c26f!8m2!3d1.2824433!4d103.8505403!16s%2Fg%2F11sh02_1r1!19sChIJ40ZjcpQZ2jERb8I3SEzYs_4?authuser=0&hl=en&rclk=1,22
89,SABAR Singapore,https://www.google.com/maps/place/SABAR+Singapore/data=!4m7!3m6!1s0x31da19a2dc859441:0x5c4801f77d060d40!8m2!3d1.2744954!4d103.8436338!16s%2Fg%2F11j_wvp_t7!19sChIJQZSF3KIZ2jERQA0GffcBSFw?authuser=0&hl=en&rclk=1,7
90,SOS Bar Restaurant,https://www.google.com/maps/place/SOS+Bar+Restaurant/data=!4m7!3m6!1s0x31da190e4782d973:0x860ddc1854807df8!8m2!3d1.2805865!4d103.8527915!16s%2Fg%2F11c523xxql!19sChIJc9mCRw4Z2jER-H2AVBjcDYY?authuser=0&hl=en&rclk=1,3
91,Saint Pierre,https://www.google.com/maps/place/Saint+Pierre/data=!4m7!3m6!1s0x31da19757b5fe0d9:0xce0b3ddd0be8b558!8m2!3d1.2862514!4d103.8542577!16s%2Fg%2F1wn315nd!19sChIJ2eBfe3UZ2jERWLXoC909C84?authuser=0&hl=en&rclk=1,23
92,Saveur Bistro,https://www.google.com/maps/place/Saveur+Bistro/data=!4m7!3m6!1s0x31da19a56d49ed37:0x40bfafc48f074625!8m2!3d1.296736!4d103.8549624!16s%2Fg%2F1hc2y3y6f!19sChIJN-1JbaUZ2jERJUYHj8Svv0A?authuser=0&hl=en&rclk=1,14
93,"Shabestan, Finest Persian Restaurant","https://www.google.com/maps/place/Shabestan,+Finest+Persian+Restaurant/data=!4m7!3m6!1s0x31da199ef1891b27:0x50b7fbad9ac2eae1!8m2!3d1.2910376!4d103.8405841!16s%2Fg%2F1pp2vchlt!19sChIJJxuJ8Z4Z2jER4erCmq37t1A?authuser=0&hl=en&rclk=1",16
94,Shikar,https://www.google.com/maps/place/Shikar/data=!4m7!3m6!1s0x31da19961991e5c7:0x233ab5c596855c75!8m2!3d1.2788776!4d103.8444008!16s%2Fg%2F11q94fhykl!19sChIJx-WRGZYZ2jERdVyFlsW1OiM?authuser=0&hl=en&rclk=1,4
95,Shinji by Kanesaka,https://www.google.com/maps/place/Shinji+by+Kanesaka/data=!4m7!3m6!1s0x31da198b0cddc5a3:0x774d874492691b82!8m2!3d1.3056718!4d103.8259335!16s%2Fg%2F11b6pwczb6!19sChIJo8XdDIsZ2jERghtpkkSHTXc?authuser=0&hl=en&rclk=1,4
96,Shinji by Kanesaka,https://www.google.com/maps/place/Shinji+by+Kanesaka/data=!4m7!3m6!1s0x31da19a5a7fb3e85:0xea2188bcabd0ad41!8m2!3d1.2959926!4d103.8522663!16s%2Fg%2F1tf9_hzf!19sChIJhT77p6UZ2jERQa3Qq7yIIeo?authuser=0&hl=en&rclk=1,14
97,Shoukouwa Restaurant,https://www.google.com/maps/place/Shoukouwa+Restaurant/data=!4m7!3m6!1s0x31da1908e6c65fbb:0x94f417144978b2fc!8m2!3d1.2857128!4d103.8538902!16s%2Fg%2F11cm0x3lmz!19sChIJu1_G5ggZ2jER_LJ4SRQX9JQ?authuser=0&hl=en&rclk=1,23
98,Singapore Super Hi Dining Pte. Ltd.,https://www.google.com/maps/place/Singapore+Super+Hi+Dining+Pte.+Ltd./data=!4m7!3m6!1s0x31da199c05d5de0f:0x3d3c2e66049b54fd!8m2!3d1.2801944!4d103.8493108!16s%2Fg%2F11t2fptrqm!19sChIJD97VBZwZ2jER_VSbBGYuPD0?authuser=0&hl=en&rclk=1,10
99,Sommer,https://www.google.com/maps/place/Sommer/data=!4m7!3m6!1s0x31da199752560b85:0x2670f5e0157e8a66!8m2!3d1.2811436!4d103.8530077!16s%2Fg%2F11llkcv9gs!19sChIJhQtWUpcZ2jERZop-FeD1cCY?authuser=0&hl=en&rclk=1,23
100,Song Garden Chinese Restaurant,https://www.google.com/maps/place/Song+Garden+Chinese+Restaurant/data=!4m7!3m6!1s0x31da19bb18edf3d5:0x9a15125792457c47!8m2!3d1.2995051!4d103.8532348!16s%2Fg%2F11c73099np!19sChIJ1fPtGLsZ2jERR3xFklcSFZo?authuser=0&hl=en&rclk=1,8
101,Straits Chinese Nonya Restaurant 土生坊正宗娘惹餐馆 (1953),https://www.google.com/maps/place/Straits+Chinese+Nonya+Restaurant+%E5%9C%9F%E7%94%9F%E5%9D%8A%E6%AD%A3%E5%AE%97%E5%A8%98%E6%83%B9%E9%A4%90%E9%A6%86+%281953%29/data=!4m7!3m6!1s0x31da190d8cc074f5:0xc1c8cc5fe3a221e5!8m2!3d1.2802561!4d103.8489721!16s%2Fg%2F124t4b6f7!19sChIJ9XTAjA0Z2jER5SGi41_MyME?authuser=0&hl=en&rclk=1,18
102,Summer Pavilion,https://www.google.com/maps/place/Summer+Pavilion/data=!4m7!3m6!1s0x31da19a9b0062087:0x89bff20918842d33!8m2!3d1.2906013!4d103.8603033!16s%2Fg%2F1th592rh!19sChIJhyAGsKkZ2jERMy2EGAnyv4k?authuser=0&hl=en&rclk=1,11
103,Super Loco Customs House,https://www.google.com/maps/place/Super+Loco+Customs+House/data=!4m7!3m6!1s0x31da190f29c69057:0x39279078f63654fe!8m2!3d1.2824428!4d103.8536865!16s%2Fg%2F1vspp068!19sChIJV5DGKQ8Z2jER_lQ29niQJzk?authuser=0&hl=en&rclk=1,23
104,The Coconut Club,https://www.google.com/maps/place/The+Coconut+Club/data=!4m7!3m6!1s0x31da190d303737d9:0x975d59c5327a435e!8m2!3d1.3006368!4d103.8601786!16s%2Fg%2F11c1xqy7hd!19sChIJ2Tc3MA0Z2jERXkN6MsVZXZc?authuser=0&hl=en&rclk=1,3
105,"The Feather Blade | Steak, Burgers & Cocktail Bar","https://www.google.com/maps/place/The+Feather+Blade+%7C+Steak,+Burgers+%26+Cocktail+Bar/data=!4m7!3m6!1s0x31da19a2591c802b:0xf9aed030350774dd!8m2!3d1.278353!4d103.8438801!16s%2Fg%2F11h08hzd4b!19sChIJK4AcWaIZ2jER3XQHNTDQrvk?authuser=0&hl=en&rclk=1",10
106,The Masses Singapore,https://www.google.com/maps/place/The+Masses+Singapore/data=!4m7!3m6!1s0x31da19af8ba0ed5d:0xb1fc72f334e846af!8m2!3d1.2973039!4d103.8565789!16s%2Fg%2F11c74cyx6l!19sChIJXe2gi68Z2jERr0boNPNy_LE?authuser=0&hl=en&rclk=1,12
107,The Prince (formerly Fat Prince) | Modern Arabic & Middle Eastern Restaurant,https://www.google.com/maps/place/The+Prince+%28formerly+Fat+Prince%29+%7C+Modern+Arabic+%26+Middle+Eastern+Restaurant/data=!4m7!3m6!1s0x31da1912d2a3908d:0xb6d7eddabe78fe15!8m2!3d1.2779306!4d103.844885!16s%2Fg%2F11c1q8g1fk!19sChIJjZCj0hIZ2jERFf54vtrt17Y?authuser=0&hl=en&rclk=1,18
108,The Spot - Singapore,https://www.google.com/maps/place/The+Spot+-+Singapore/data=!4m7!3m6!1s0x31da1911a26aaaab:0x13afbe543ee06c01!8m2!3d1.2780388!4d103.8531501!16s%2Fg%2F11ggflm7x6!19sChIJq6pqohEZ2jERAWzgPlS-rxM?authuser=0&hl=en&rclk=1,24
109,The Tavern Restaurant,https://www.google.com/maps/place/The+Tavern+Restaurant/data=!4m7!3m6!1s0x31da1998d47b71a9:0x6f10a868316b50ec!8m2!3d1.2938406!4d103.8423604!16s%2Fg%2F1v2dz0g6!19sChIJqXF71JgZ2jER7FBrMWioEG8?authuser=0&hl=en&rclk=1,15
110,Tim Ho Wan,https://www.google.com/maps/place/Tim+Ho+Wan/data=!4m7!3m6!1s0x31da1919e011dc2d:0xe4057de889f40a70!8m2!3d1.2827284!4d103.8578119!16s%2Fg%2F11h_4_6xvj!19sChIJLdwR4BkZ2jERcAr0ieh9BeQ?authuser=0&hl=en&rclk=1,8
111,Town Restaurant,https://www.google.com/maps/place/Town+Restaurant/data=!4m7!3m6!1s0x31da19090f9c176f:0xd76f81b0a9ba57bb!8m2!3d1.286328!4d103.853084!16s%2Fg%2F1tl0tw3p!19sChIJbxecDwkZ2jERu1e6qbCBb9c?authuser=0&hl=en&rclk=1,17
112,Tóng Lè Private Dining,https://www.google.com/maps/place/T%C3%B3ng+L%C3%A8+Private+Dining/data=!4m7!3m6!1s0x31da190ee66fb7e9:0xe188a1071d67c0e0!8m2!3d1.283527!4d103.853136!16s%2Fg%2F11btmb4pfv!19sChIJ6bdv5g4Z2jER4MBnHQehiOE?authuser=0&hl=en&rclk=1,24
113,VUE,https://www.google.com/maps/place/VUE/data=!4m7!3m6!1s0x31da1958beb987f3:0xa44140a4a11e94c4!8m2!3d1.2830712!4d103.853012!16s%2Fg%2F11fnr871js!19sChIJ84e5vlgZ2jERxJQeoaRAQaQ?authuser=0&hl=en&rclk=1,20
114,WAKANUI GRILL DINING SINGAPORE,https://www.google.com/maps/place/WAKANUI+GRILL+DINING+SINGAPORE/data=!4m7!3m6!1s0x31da1911baee24fd:0x57dd205f579159b8!8m2!3d1.2776331!4d103.8531473!16s%2Fg%2F11f130f3gn!19sChIJ_STuuhEZ2jERuFmRV18g3Vc?authuser=0&hl=en&rclk=1,19
115,Waterfall Ristorante Italiano,https://www.google.com/maps/place/Waterfall+Ristorante+Italiano/data=!4m7!3m6!1s0x31da19f47a984e11:0xcb420aed97d806e2!8m2!3d1.3117795!4d103.8261646!16s%2Fg%2F1hhhn58wq!19sChIJEU6YevQZ2jER4gbYl-0KQss?authuser=0&hl=en&rclk=1,5
116,Whitegrass Restaurant,https://www.google.com/maps/place/Whitegrass+Restaurant/data=!4m7!3m6!1s0x31da19a4696c9191:0xf3de062779290237!8m2!3d1.2955575!4d103.8519487!16s%2Fg%2F11clwjb1gj!19sChIJkZFsaaQZ2jERNwIpeScG3vM?authuser=0&hl=en&rclk=1,21
117,Yan Restaurant at National Gallery Singapore 宴中餐馆,https://www.google.com/maps/place/Yan+Restaurant+at+National+Gallery+Singapore+%E5%AE%B4%E4%B8%AD%E9%A4%90%E9%A6%86/data=!4m7!3m6!1s0x31da19a74f7c1c2f:0xa91b262101f3335c!8m2!3d1.2902783!4d103.8517729!16s%2Fg%2F11ckvf8ycr!19sChIJLxx8T6cZ2jERXDPzASEmG6k?authuser=0&hl=en&rclk=1,14
118,Yardbird Southern Table and Bar,https://www.google.com/maps/place/Yardbird+Southern+Table+and+Bar/data=!4m7!3m6!1s0x31da1905c12ad69f:0x94f80905671dd41!8m2!3d1.2830591!4d103.8580401!16s%2Fg%2F11fzb1vljq!19sChIJn9YqwQUZ2jERQd1xVpCATwk?authuser=0&hl=en&rclk=1,21
119,Yellow Pot Tanjong Pagar,https://www.google.com/maps/place/Yellow+Pot+Tanjong+Pagar/data=!4m7!3m6!1s0x31da1959f5c7fc3f:0x113344a3343f235!8m2!3d1.2786983!4d103.84319!16s%2Fg%2F11ghdrcwtj!19sChIJP_zH9VkZ2jERNfJDM0o0EwE?authuser=0&hl=en&rclk=1,9
120,Zén,https://www.google.com/maps/place/Z%C3%A9n/data=!4m7!3m6!1s0x31da1999266119a7:0xcaf133f88dc80cee!8m2!3d1.2794687!4d103.8403607!16s%2Fg%2F11h1y86sk6!19sChIJpxlhJpkZ2jER7gzIjfgz8co?authuser=0&hl=en&rclk=1,8
121,il Cielo,https://www.google.com/maps/place/il+Cielo/data=!4m7!3m6!1s0x31da198cf1020615:0xa421bbb6591c8b02!8m2!3d1.3059057!4d103.8293282!16s%2Fg%2F1th54h_q!19sChIJFQYC8YwZ2jERAoscWba7IaQ?authuser=0&hl=en&rclk=1,4
